<?xml version="1.0" encoding="UTF-8"?>
<metadata xml:lang="en"><Esri><SyncDate>20131009</SyncDate><SyncTime>15461300</SyncTime><ModDate>20131009</ModDate><ModTime>15461300</ModTime><DataProperties><lineage><Process Name="DefineProjection_1" ToolSource="C:\Program Files\ArcGIS\ArcToolbox\Toolboxes\Data Management Tools.tbx\DefineProjection" Date="20050301" Time="104952">DefineProjection C:\Library\fishkill\fish_kills.shp PROJCS['NAD_1983_UTM_Zone_15N',GEOGCS['GCS_North_American_1983',DATUM['D_North_American_1983',SPHEROID['GRS_1980',6378137.0,298.257222101]],PRIMEM['Greenwich',0.0],UNIT['Degree',0.0174532925199433]],PROJECTION['Transverse_Mercator'],PARAMETER['False_Easting',500000.0],PARAMETER['False_Northing',0.0],PARAMETER['Central_Meridian',-93.0],PARAMETER['Scale_Factor',0.9996],PARAMETER['Latitude_Of_Origin',0.0],UNIT['Meter',1.0]] C:\Library\fishkill\fish_kills.shp</Process></lineage><itemProps><itemLocation><linkage Sync="TRUE">file://\\GISMOBILE8-PC\C$\Users\Administrator\Desktop\Essential GIS\Data\Iowa-Statewide data\fish_kills.shp</linkage><protocol Sync="TRUE">Local Area Network</protocol></itemLocation><itemName Sync="TRUE">fish_kills</itemName><imsContentType Sync="TRUE">002</imsContentType><nativeExtBox><westBL Sync="TRUE">202840.000000</westBL><eastBL Sync="TRUE">729371.000000</eastBL><southBL Sync="TRUE">4502021.000000</southBL><northBL Sync="TRUE">4815749.000000</northBL><exTypeCode Sync="TRUE">1</exTypeCode></nativeExtBox><itemSize Sync="TRUE">0.015</itemSize></itemProps><copyHistory><copy source="C:\Essential GIS\Data\Iowa-Statewide data\fish_kills" dest="\\GISMOBILE8-PC\C$\Users\Administrator\Desktop\Essential GIS\Data\Iowa-Statewide data\fish_kills" date="20131009" time="12582900"></copy></copyHistory><coordRef><type Sync="TRUE">Projected</type><geogcsn Sync="TRUE">GCS_North_American_1983</geogcsn><csUnits Sync="TRUE">Linear Unit: Meter (1.000000)</csUnits><projcsn Sync="TRUE">NAD_1983_UTM_Zone_15N</projcsn><peXml Sync="TRUE">&lt;ProjectedCoordinateSystem xsi:type='typens:ProjectedCoordinateSystem' xmlns:xsi='http://www.w3.org/2001/XMLSchema-instance' xmlns:xs='http://www.w3.org/2001/XMLSchema' xmlns:typens='http://www.esri.com/schemas/ArcGIS/10.1'&gt;&lt;WKT&gt;PROJCS[&amp;quot;NAD_1983_UTM_Zone_15N&amp;quot;,GEOGCS[&amp;quot;GCS_North_American_1983&amp;quot;,DATUM[&amp;quot;D_North_American_1983&amp;quot;,SPHEROID[&amp;quot;GRS_1980&amp;quot;,6378137.0,298.257222101]],PRIMEM[&amp;quot;Greenwich&amp;quot;,0.0],UNIT[&amp;quot;Degree&amp;quot;,0.0174532925199433]],PROJECTION[&amp;quot;Transverse_Mercator&amp;quot;],PARAMETER[&amp;quot;False_Easting&amp;quot;,500000.0],PARAMETER[&amp;quot;False_Northing&amp;quot;,0.0],PARAMETER[&amp;quot;Central_Meridian&amp;quot;,-93.0],PARAMETER[&amp;quot;Scale_Factor&amp;quot;,0.9996],PARAMETER[&amp;quot;Latitude_Of_Origin&amp;quot;,0.0],UNIT[&amp;quot;Meter&amp;quot;,1.0],AUTHORITY[&amp;quot;EPSG&amp;quot;,26915]]&lt;/WKT&gt;&lt;XOrigin&gt;-5120900&lt;/XOrigin&gt;&lt;YOrigin&gt;-9998100&lt;/YOrigin&gt;&lt;XYScale&gt;450445547.3910538&lt;/XYScale&gt;&lt;ZOrigin&gt;-100000&lt;/ZOrigin&gt;&lt;ZScale&gt;10000&lt;/ZScale&gt;&lt;MOrigin&gt;-100000&lt;/MOrigin&gt;&lt;MScale&gt;10000&lt;/MScale&gt;&lt;XYTolerance&gt;0.001&lt;/XYTolerance&gt;&lt;ZTolerance&gt;0.001&lt;/ZTolerance&gt;&lt;MTolerance&gt;0.001&lt;/MTolerance&gt;&lt;HighPrecision&gt;true&lt;/HighPrecision&gt;&lt;WKID&gt;26915&lt;/WKID&gt;&lt;LatestWKID&gt;26915&lt;/LatestWKID&gt;&lt;/ProjectedCoordinateSystem&gt;</peXml></coordRef></DataProperties><CreaDate>20131009</CreaDate><CreaTime>12582900</CreaTime><SyncOnce>FALSE</SyncOnce></Esri><idinfo><citation><citeinfo><origin>Jamie Mootz</origin><pubdate>04/27/1998</pubdate><pubinfo><pubplace>None</pubplace><publish>Iowa Department of Natural Resources</publish></pubinfo><title>Fish Kills in Iowa Reported to the DNR</title><ftname Sync="TRUE">fish_kills</ftname><geoform Sync="TRUE">vector digital data</geoform><onlink>ftp://ftp.igsb.uiowa.edu/gis_library/IA_State/Biologic_Ecologic/Fish/fish_kills.zip</onlink><edition>03/01/2005</edition><origin>Calvin Wolter</origin></citeinfo><datacred>Calvin Wolter</datacred><native>ArcView 3.0a</native></citation><descript><abstract>Fish kills reported to the DNR since 1981.</abstract><purpose>This digital, geographically referenced data set was developed by the Iowa Department of Natural Resources to carry out agency responsibilities related to management, protection, and development of Iowa's natural resources.</purpose><supplinf>None</supplinf><langdata Sync="TRUE">en</langdata></descript><timeperd><current>publication date</current><timeinfo><sngdate><caldate>3/1/2005</caldate></sngdate></timeinfo></timeperd><status><progress>Complete</progress><update>Annually</update></status><keywords><theme><themekt>None</themekt><themekey>Fish Kills</themekey></theme><place><placekey>Iowa</placekey></place></keywords><accconst>None</accconst><useconst>None</useconst><ptcontac><cntinfo><cntperp><cntper>Jamie Mootz</cntper><cntorg>Iowa Department of Natural Resources</cntorg></cntperp><cntaddr><address>502 E. 9th St.</address><city>Des Moines</city><state>IA</state><postal>50319</postal><addrtype>mailing and physical address</addrtype></cntaddr><cntvoice>515-242-0001</cntvoice><cntemail>Jamie.Mootz@dnr.state.ia.us</cntemail></cntinfo></ptcontac><native Sync="TRUE">Microsoft Windows XP Version 5.1 (Build 2600) Service Pack 2; ESRI ArcCatalog 9.2.2.1350</native><natvform Sync="TRUE">Shapefile</natvform><spdom><lboundng><leftbc Sync="TRUE">202840.000000</leftbc><rightbc Sync="TRUE">729371.000000</rightbc><bottombc Sync="TRUE">4502021.000000</bottombc><topbc Sync="TRUE">4815749.000000</topbc></lboundng><bounding><westbc Sync="TRUE">-96.671670</westbc><eastbc Sync="TRUE">-90.164765</eastbc><northbc Sync="TRUE">43.494666</northbc><southbc Sync="TRUE">40.615606</southbc></bounding></spdom></idinfo><dataqual><posacc><horizpa><horizpar>The accuracy varies considerably from site to site depending on the amount and type of information given for each site.  The most accurate locations would be from stream and road intersections as well as pond locations, which would be +\- 50 meters to locations which are just the stream name and the county that stream is in which would give an accuracy of +\- 10,000 meters.</horizpar></horizpa></posacc><lineage><srcinfo>None<srcscale>None</srcscale><typesrc>Fishkill Access Database</typesrc><srccite><citeinfo><title>None</title></citeinfo></srccite></srcinfo><procstep>original conversion</procstep><procstep><procdesc Sync="TRUE">Dataset moved.</procdesc><srcused Sync="TRUE">Z:\Daphne\Essential\Getting Started\Fish_kills\fish_kills</srcused><date Sync="TRUE">20070709</date><time Sync="TRUE">13015100</time></procstep><procstep><procdesc Sync="TRUE">Dataset copied.</procdesc><srcused Sync="TRUE">Z:\Daphne\Essential GIS\Data\Iowa-Statewide data\fish_kills</srcused><date Sync="TRUE">20080130</date><time Sync="TRUE">15030500</time></procstep></lineage></dataqual><eainfo><overview><eaover>FKisnum: internal sequential identification number.

Killdate: Date on which the kill occurred- don't really like the format in the dbf file.

County: County in which kill originated

Killcateg: Kill Cause Category

Killcause: Cause of the fishkill

Animaltype: Type of animal operation attributed to the fishkill in cases of manure-related kills.

Fishkilled: Total estimated number of fish killed. 0's indicate no reliable number was reported.

Killlength: length of fish kill in miles

killarea_a: area of fish kill in acres

Valuation: Estimated fish restitution valuation in dollars

Investigex: Investigation Expenses also charged to responsible party when restitution is calculated.

Location: Locational comments

UTM_north: UTM northing coordinate

UTM_East: UTM easting coordinate

Utmsestima: True if the UTM coordinates were estimated (ie, no accurate location was provided in the report.)
</eaover></overview><detailed Name="fish_kills"><enttyp><enttypl Sync="TRUE">fish_kills</enttypl><enttypt Sync="TRUE">Feature Class</enttypt><enttypc Sync="TRUE">558</enttypc></enttyp><attr><attrlabl Sync="TRUE">FID</attrlabl><attalias Sync="TRUE">FID</attalias><attrtype Sync="TRUE">OID</attrtype><attwidth Sync="TRUE">4</attwidth><atprecis Sync="TRUE">0</atprecis><attscale Sync="TRUE">0</attscale><attrdef Sync="TRUE">Internal feature number.</attrdef><attrdefs Sync="TRUE">ESRI</attrdefs><attrdomv><udom Sync="TRUE">Sequential unique whole numbers that are automatically generated.</udom></attrdomv></attr><attr><attrlabl Sync="TRUE">Shape</attrlabl><attalias Sync="TRUE">Shape</attalias><attrtype Sync="TRUE">Geometry</attrtype><attwidth Sync="TRUE">0</attwidth><atprecis Sync="TRUE">0</atprecis><attscale Sync="TRUE">0</attscale><attrdef Sync="TRUE">Feature geometry.</attrdef><attrdefs Sync="TRUE">ESRI</attrdefs><attrdomv><udom Sync="TRUE">Coordinates defining the features.</udom></attrdomv></attr><attr><attrlabl Sync="TRUE">LOCATION</attrlabl><attalias Sync="TRUE">LOCATION</attalias><attrtype Sync="TRUE">String</attrtype><attwidth Sync="TRUE">254</attwidth><atprecis Sync="TRUE">0</atprecis><attscale Sync="TRUE">0</attscale></attr><attr><attrlabl Sync="TRUE">FKISNUM</attrlabl><attalias Sync="TRUE">FKISNUM</attalias><attrtype Sync="TRUE">Double</attrtype><attwidth Sync="TRUE">20</attwidth><atprecis Sync="TRUE">19</atprecis><attscale Sync="TRUE">5</attscale></attr><attr><attrlabl Sync="TRUE">KILLDATE</attrlabl><attalias Sync="TRUE">KILLDATE</attalias><attrtype Sync="TRUE">Date</attrtype><attwidth Sync="TRUE">8</attwidth><atprecis Sync="TRUE">0</atprecis><attscale Sync="TRUE">0</attscale></attr><attr><attrlabl Sync="TRUE">COUNTY</attrlabl><attalias Sync="TRUE">COUNTY</attalias><attrtype Sync="TRUE">String</attrtype><attwidth Sync="TRUE">254</attwidth><atprecis Sync="TRUE">0</atprecis><attscale Sync="TRUE">0</attscale></attr><attr><attrlabl Sync="TRUE">KILLCATEG</attrlabl><attalias Sync="TRUE">KILLCATEG</attalias><attrtype Sync="TRUE">String</attrtype><attwidth Sync="TRUE">50</attwidth><atprecis Sync="TRUE">0</atprecis><attscale Sync="TRUE">0</attscale></attr><attr><attrlabl Sync="TRUE">KILLCAUSE</attrlabl><attalias Sync="TRUE">KILLCAUSE</attalias><attrtype Sync="TRUE">String</attrtype><attwidth Sync="TRUE">50</attwidth><atprecis Sync="TRUE">0</atprecis><attscale Sync="TRUE">0</attscale></attr><attr><attrlabl Sync="TRUE">ANIMALTYPE</attrlabl><attalias Sync="TRUE">ANIMALTYPE</attalias><attrtype Sync="TRUE">String</attrtype><attwidth Sync="TRUE">50</attwidth><atprecis Sync="TRUE">0</atprecis><attscale Sync="TRUE">0</attscale></attr><attr><attrlabl Sync="TRUE">FISHKILLED</attrlabl><attalias Sync="TRUE">FISHKILLED</attalias><attrtype Sync="TRUE">Double</attrtype><attwidth Sync="TRUE">20</attwidth><atprecis Sync="TRUE">19</atprecis><attscale Sync="TRUE">5</attscale></attr><attr><attrlabl Sync="TRUE">KILLLENGTH</attrlabl><attalias Sync="TRUE">KILLLENGTH</attalias><attrtype Sync="TRUE">Double</attrtype><attwidth Sync="TRUE">20</attwidth><atprecis Sync="TRUE">19</atprecis><attscale Sync="TRUE">5</attscale></attr><attr><attrlabl Sync="TRUE">KILLAREA_A</attrlabl><attalias Sync="TRUE">KILLAREA_A</attalias><attrtype Sync="TRUE">Double</attrtype><attwidth Sync="TRUE">20</attwidth><atprecis Sync="TRUE">19</atprecis><attscale Sync="TRUE">5</attscale></attr><attr><attrlabl Sync="TRUE">VALUATION</attrlabl><attalias Sync="TRUE">VALUATION</attalias><attrtype Sync="TRUE">Double</attrtype><attwidth Sync="TRUE">20</attwidth><atprecis Sync="TRUE">19</atprecis><attscale Sync="TRUE">5</attscale></attr><attr><attrlabl Sync="TRUE">INVESTIGEX</attrlabl><attalias Sync="TRUE">INVESTIGEX</attalias><attrtype Sync="TRUE">Double</attrtype><attwidth Sync="TRUE">20</attwidth><atprecis Sync="TRUE">19</atprecis><attscale Sync="TRUE">5</attscale></attr><attr><attrlabl Sync="TRUE">UTM_NORTH</attrlabl><attalias Sync="TRUE">UTM_NORTH</attalias><attrtype Sync="TRUE">Double</attrtype><attwidth Sync="TRUE">20</attwidth><atprecis Sync="TRUE">19</atprecis><attscale Sync="TRUE">5</attscale></attr><attr><attrlabl Sync="TRUE">UTM_EAST</attrlabl><attalias Sync="TRUE">UTM_EAST</attalias><attrtype Sync="TRUE">Double</attrtype><attwidth Sync="TRUE">20</attwidth><atprecis Sync="TRUE">19</atprecis><attscale Sync="TRUE">5</attscale></attr><attr><attrlabl Sync="TRUE">UTMSESTIMA</attrlabl><attalias Sync="TRUE">UTMSESTIMA</attalias><attrtype Sync="TRUE">SmallInteger</attrtype><attwidth Sync="TRUE">1</attwidth><atprecis Sync="TRUE">0</atprecis><attscale Sync="TRUE">0</attscale></attr></detailed></eainfo><distinfo><distrib>Iowa Department of Natural Resources<cntinfo><cntaddr><addrtype>mailing and physical address</addrtype><address>109 Trowbridge Hall</address><city>Iowa City</city><state>IA</state><postal>52242</postal></cntaddr><cntvoice>319-335-1353</cntvoice><cntemail>ckohrt@igsb.uiowa.edu</cntemail><cntorgp><cntorg>Iowa Geological Survey - IDNR</cntorg><cntper>Casey J Kohrt</cntper></cntorgp></cntinfo></distrib><resdesc>Fish_kills</resdesc><distliab>This digital, geographically referenced data set was developed by the Iowa Department of Natural Resources to carry out agency responsibilities related to management, protection, and development of Iowa's natural resources.  It resides in the Natural Resources Geographic Information System library. Although efforts have been made to make it useful to the Department, the Department assumes no responsibility for errors in the information.  Similarly the Department assumes no responsibility for the consequences of inappropriate uses or interpretations of the data made by anyone to whom this data has been made available.  The Department bears no responsibility to inform users of any changes made to this data.  Anyone using this data is advised that precision implied by the coverage may far exceed actual precision.  Comments on this data are invited and the Department would appreciate that documented errors be brought to staff attention.  The development of the coverages in the NRGIS Library represents a major investment of staff time and effort.  As a professional responsibility, we expect that the Iowa DNR will receive proper credit when you utilize these GIS coverages and that the original documentation will remain with any redistribution of these coverages.</distliab><stdorder><digform><digtinfo>Shapefile<formverd>04/27/98</formverd><transize Sync="TRUE">0.015</transize><dssize Sync="TRUE">0.015</dssize></digtinfo><digtopt><onlinopt><computer><networka><networkr>ftp://ftp.igsb.uiowa.edu/gis_library/IA_state/Biologic_Ecologic/Fish/Fish_kills.zip</networkr></networka></computer></onlinopt></digtopt></digform></stdorder></distinfo><metainfo><metc><cntinfo><cntorgp><cntper>Casey Kohrt</cntper><cntorg>Iowa Department of Natural Resources - Geological Survey</cntorg></cntorgp><cntaddr><address>109 Trowbridge Hall</address><city>Iowa City</city><state>IA</state><postal>52242-1319</postal><addrtype>Mailing and Physical</addrtype></cntaddr><cntvoice>319-335-1353</cntvoice><cntemail>gis_library@igsb.uiowa.edu</cntemail></cntinfo></metc><metac>None</metac><metuc>None</metuc><langmeta Sync="TRUE">en</langmeta><metstdn Sync="TRUE">FGDC Content Standards for Digital Geospatial Metadata</metstdn><metstdv Sync="TRUE">FGDC-STD-001-1998</metstdv><mettc Sync="TRUE">local time</mettc><metd Sync="TRUE">20071029</metd></metainfo><citeinfo><origin>Calvin Wolter</origin><pubdate>Complete</pubdate><title>Fish_kills</title><geoform>Shapefile</geoform><pubinfo><pubplace>None</pubplace><publish>Iowa Department of Natural Resources</publish></pubinfo><othercit>None</othercit></citeinfo><timeinfo><sngdate><caldate>04/27/98</caldate></sngdate></timeinfo><cntinfo><cntperp><cntper>Casey Kohrt</cntper><cntorg>Iowa Department of Natural Resources - Geological Survey</cntorg></cntperp><cntaddr><addrtype>Mailing and Physical</addrtype><address>109 Trowbridge Hall</address><city>Iowa City</city><state>IA</state><postal>52242-1319</postal></cntaddr><cntvoice>319-335-1353</cntvoice><cntemail>gis_library@igsb.uiowa.edu</cntemail></cntinfo><dataIdInfo><envirDesc Sync="TRUE">Microsoft Windows 7 Version 6.1 (Build 7601) Service Pack 1; Esri ArcGIS 10.2.0.3348</envirDesc><dataLang><languageCode Sync="TRUE" value="eng"></languageCode><countryCode value="USA" Sync="TRUE"></countryCode></dataLang><idCitation><resTitle Sync="TRUE">fish_kills</resTitle><presForm><PresFormCd Sync="TRUE" value="005"></PresFormCd></presForm></idCitation><spatRpType><SpatRepTypCd Sync="TRUE" value="001"></SpatRepTypCd></spatRpType><dataExt><geoEle><GeoBndBox esriExtentType="native"><westBL Sync="TRUE">202840</westBL><eastBL Sync="TRUE">729371</eastBL><northBL Sync="TRUE">4815749</northBL><southBL Sync="TRUE">4502021</southBL><exTypeCode Sync="TRUE">1</exTypeCode></GeoBndBox></geoEle></dataExt><geoBox esriExtentType="decdegrees"><westBL Sync="TRUE">-96.67167</westBL><eastBL Sync="TRUE">-90.164765</eastBL><northBL Sync="TRUE">43.494666</northBL><southBL Sync="TRUE">40.615606</southBL><exTypeCode Sync="TRUE">1</exTypeCode></geoBox><dataExt><geoEle><GeoBndBox esriExtentType="search"><exTypeCode Sync="TRUE">1</exTypeCode><westBL Sync="TRUE">-96.671670</westBL><eastBL Sync="TRUE">-90.164765</eastBL><northBL Sync="TRUE">43.494666</northBL><southBL Sync="TRUE">40.615606</southBL></GeoBndBox></geoEle></dataExt></dataIdInfo><mdLang><languageCode Sync="TRUE" value="eng"></languageCode><countryCode value="USA" Sync="TRUE"></countryCode></mdLang><mdStanName Sync="TRUE">ISO 19115 Geographic Information - Metadata</mdStanName><mdStanVer Sync="TRUE">DIS_ESRI1.0</mdStanVer><mdChar><CharSetCd Sync="TRUE" value="004"></CharSetCd></mdChar><mdHrLv><ScopeCd Sync="TRUE" value="005"></ScopeCd></mdHrLv><mdHrLvName Sync="TRUE">dataset</mdHrLvName><distInfo><distributor><distorTran><onLineSrc><orDesc Sync="TRUE">002</orDesc><linkage Sync="TRUE">file://\\DGRLGM71\C$\Essential GIS\Data\Iowa-Statewide data\fish_kills</linkage><protocol Sync="TRUE">Local Area Network</protocol></onLineSrc><transSize Sync="TRUE">0.015</transSize></distorTran><distorFormat><formatName Sync="TRUE">Shapefile</formatName></distorFormat></distributor><distFormat><formatName Sync="TRUE">Shapefile</formatName></distFormat><distTranOps><transSize Sync="TRUE">0.015</transSize></distTranOps></distInfo><spdoinfo><direct Sync="TRUE">Vector</direct><ptvctinf><esriterm Name="fish_kills"><efeatyp Sync="TRUE">Simple</efeatyp><efeageom code="1" Sync="TRUE"></efeageom><esritopo Sync="TRUE">FALSE</esritopo><efeacnt Sync="TRUE">558</efeacnt><spindex Sync="TRUE">TRUE</spindex><linrefer Sync="TRUE">FALSE</linrefer></esriterm></ptvctinf></spdoinfo><spref><horizsys><cordsysn><geogcsn Sync="TRUE">GCS_North_American_1983</geogcsn><projcsn Sync="TRUE">NAD_1983_UTM_Zone_15N</projcsn></cordsysn><planar><planci><plance Sync="TRUE">coordinate pair</plance><plandu Sync="TRUE">meters</plandu><coordrep><absres Sync="TRUE">0.000000</absres><ordres Sync="TRUE">0.000000</ordres></coordrep></planci></planar><geodetic><horizdn Sync="TRUE">North American Datum of 1983</horizdn><ellips Sync="TRUE">Geodetic Reference System 80</ellips><semiaxis Sync="TRUE">6378137.000000</semiaxis><denflat Sync="TRUE">298.257222</denflat></geodetic></horizsys></spref><refSysInfo><RefSystem><refSysID><identCode Sync="TRUE" code="26915">NAD_1983_UTM_Zone_15N</identCode><idCodeSpace Sync="TRUE">EPSG</idCodeSpace><idVersion Sync="TRUE">8.1.1</idVersion></refSysID></RefSystem></refSysInfo><spatRepInfo><VectSpatRep><geometObjs Name="fish_kills"><geoObjTyp><GeoObjTypCd value="004" Sync="TRUE"></GeoObjTypCd></geoObjTyp><geoObjCnt Sync="TRUE">558</geoObjCnt></geometObjs><topLvl><TopoLevCd value="001" Sync="TRUE"></TopoLevCd></topLvl></VectSpatRep></spatRepInfo><mdDateSt Sync="TRUE">20131009</mdDateSt></metadata>
