<?xml version="1.0" encoding="UTF-8"?>
<metadata xml:lang="en"><Esri><SyncDate>20031104</SyncDate><SyncTime>13482400</SyncTime><ModDate>20031104</ModDate><ModTime>13482400</ModTime><CreaDate>20131009</CreaDate><CreaTime>12591400</CreaTime><SyncOnce>TRUE</SyncOnce><DataProperties><itemProps><itemLocation><linkage Sync="TRUE">file://\\GISMOBILE8-PC\C$\Users\Administrator\Desktop\Essential GIS\Data\Iowa-Statewide data\incorporated_cities_2000</linkage><protocol Sync="TRUE">Local Area Network</protocol></itemLocation></itemProps><copyHistory><copy source="C:\Essential GIS\Data\Iowa-Statewide data\incorporated_cities_2000" dest="\\GISMOBILE8-PC\C$\Users\Administrator\Desktop\Essential GIS\Data\Iowa-Statewide data\incorporated_cities_2000" date="20131009" time="12591400"></copy></copyHistory></DataProperties></Esri><idinfo><citation><citeinfo><origin>Iowa Department of Transportation; Casey J Kohrt</origin><pubdate>10/29/02</pubdate><pubinfo><pubplace>None</pubplace><publish>Iowa Department of Natural Resources</publish></pubinfo><title>Incorporated Cities of Iowa, 2000</title><ftname Sync="TRUE">incorporated_cities_2000</ftname><geoform Sync="TRUE">vector digital data</geoform><onlink>ftp://ftp.igsb.uiowa.edu/gis_library/IA_State/Admin_Political_Boundary/incorporated_cities_2000.zip</onlink></citeinfo><datacred>Casey J Kohrt</datacred><native>ArcView 3.3</native></citation><descript><abstract>This coverage contains polygons that represent the boundaries of the 954 incorporated cities and towns in Iowa.  This coverage also has interior boundaries of unincorporated areas within city boundaries.</abstract><purpose>This digital, geographically referenced data set was developed by the Iowa Department of Natural Resources to carry out agency responsibilities related to management, protection, and development of Iowa's natural resources.</purpose><supplinf>None</supplinf><langdata Sync="TRUE">en</langdata></descript><timeperd><current>publication date</current><timeinfo><sngdate><caldate>01/22/02</caldate></sngdate></timeinfo></timeperd><status><progress>Complete</progress><update>None planned</update></status><keywords><theme><themekt>None</themekt><themekey>None</themekey></theme></keywords><accconst>None</accconst><useconst>None</useconst><ptcontac><cntinfo><cntperp><cntper>Casey Kohrt</cntper><cntorg>Iowa Department of Natural Resources</cntorg></cntperp><cntaddr><address>109 Trowbridge Hall</address><city>Iowa City</city><state>IA</state><postal>52242-1319</postal></cntaddr></cntinfo></ptcontac><native Sync="TRUE">Microsoft Windows 2000 Version 5.0 (Build 2195) Service Pack 4; ESRI ArcCatalog 8.3.0.800</native><natvform Sync="TRUE">Shapefile</natvform><spdom><lboundng><leftbc Sync="TRUE">204471.060577</leftbc><rightbc Sync="TRUE">736077.796473</rightbc><bottombc Sync="TRUE">4470945.817083</bottombc><topbc Sync="TRUE">4817905.866972</topbc></lboundng><bounding><westbc Sync="TRUE">-96.652725</westbc><eastbc Sync="TRUE">-90.081033</eastbc><northbc Sync="TRUE">43.514087</northbc><southbc Sync="TRUE">40.336752</southbc></bounding></spdom></idinfo><dataqual><posacc><horizpa><horizpar>The positional accuracy of the coordinates in this  coverage are unknown.  Compared to other coverages of known accuracy,  the accuracy of this coverage is estimated to be around 50-100 meters.</horizpar></horizpa></posacc><lineage><srcinfo>None<srcscale>2,000,000</srcscale><typesrc>Electronic file</typesrc><srccite><citeinfo><title>None</title></citeinfo></srccite></srcinfo><procstep>original conversion<procdesc>Used Arc Toolbox to convert</procdesc></procstep></lineage></dataqual><eainfo><overview><eaover>None<eadetcit>None</eadetcit></eaover></overview><detailed Name="incorporated_cities_2000"><enttyp><enttypl Sync="TRUE">incorporated_cities_2000</enttypl><enttypt Sync="TRUE">Feature Class</enttypt><enttypc Sync="TRUE">1046</enttypc></enttyp><attr><attrlabl Sync="TRUE">FID</attrlabl><attalias Sync="TRUE">FID</attalias><attrtype Sync="TRUE">OID</attrtype><attwidth Sync="TRUE">4</attwidth><atprecis Sync="TRUE">0</atprecis><attscale Sync="TRUE">0</attscale><attrdef Sync="TRUE">Internal feature number.</attrdef><attrdefs Sync="TRUE">ESRI</attrdefs><attrdomv><udom Sync="TRUE">Sequential unique whole numbers that are automatically generated.</udom></attrdomv></attr><attr><attrlabl Sync="TRUE">Shape</attrlabl><attalias Sync="TRUE">Shape</attalias><attrtype Sync="TRUE">Geometry</attrtype><attwidth Sync="TRUE">0</attwidth><atprecis Sync="TRUE">0</atprecis><attscale Sync="TRUE">0</attscale><attrdef Sync="TRUE">Feature geometry.</attrdef><attrdefs Sync="TRUE">ESRI</attrdefs><attrdomv><udom Sync="TRUE">Coordinates defining the features.</udom></attrdomv></attr><attr><attrlabl Sync="TRUE">AREA</attrlabl><attalias Sync="TRUE">AREA</attalias><attrtype Sync="TRUE">Number</attrtype><attwidth Sync="TRUE">19</attwidth><atnumdec Sync="TRUE">5</atnumdec></attr><attr><attrlabl Sync="TRUE">PERIMETER</attrlabl><attalias Sync="TRUE">PERIMETER</attalias><attrtype Sync="TRUE">Number</attrtype><attwidth Sync="TRUE">19</attwidth><atnumdec Sync="TRUE">5</atnumdec></attr><attr><attrlabl Sync="TRUE">PL19_D00_</attrlabl><attalias Sync="TRUE">PL19_D00_</attalias><attrtype Sync="TRUE">Number</attrtype><attwidth Sync="TRUE">11</attwidth></attr><attr><attrlabl Sync="TRUE">PL19_D00_I</attrlabl><attalias Sync="TRUE">PL19_D00_I</attalias><attrtype Sync="TRUE">Number</attrtype><attwidth Sync="TRUE">11</attwidth></attr><attr><attrlabl Sync="TRUE">STATE</attrlabl><attalias Sync="TRUE">STATE</attalias><attrtype Sync="TRUE">String</attrtype><attwidth Sync="TRUE">2</attwidth></attr><attr><attrlabl Sync="TRUE">PLC</attrlabl><attalias Sync="TRUE">PLC</attalias><attrtype Sync="TRUE">String</attrtype><attwidth Sync="TRUE">4</attwidth></attr><attr><attrlabl Sync="TRUE">PLACEFP</attrlabl><attalias Sync="TRUE">PLACEFP</attalias><attrtype Sync="TRUE">String</attrtype><attwidth Sync="TRUE">5</attwidth></attr><attr><attrlabl Sync="TRUE">NAME</attrlabl><attalias Sync="TRUE">NAME</attalias><attrtype Sync="TRUE">String</attrtype><attwidth Sync="TRUE">90</attwidth></attr><attr><attrlabl Sync="TRUE">LSAD</attrlabl><attalias Sync="TRUE">LSAD</attalias><attrtype Sync="TRUE">String</attrtype><attwidth Sync="TRUE">2</attwidth></attr><attr><attrlabl Sync="TRUE">LSAD_TRANS</attrlabl><attalias Sync="TRUE">LSAD_TRANS</attalias><attrtype Sync="TRUE">String</attrtype><attwidth Sync="TRUE">50</attwidth></attr><attr><attrlabl Sync="TRUE">FIPSNUMBER</attrlabl><attalias Sync="TRUE">FIPSNUMBER</attalias><attrtype Sync="TRUE">Number</attrtype><attwidth Sync="TRUE">5</attwidth></attr><attr><attrlabl Sync="TRUE">FIPSSTRING</attrlabl><attalias Sync="TRUE">FIPSSTRING</attalias><attrtype Sync="TRUE">String</attrtype><attwidth Sync="TRUE">5</attwidth></attr><attr><attrlabl Sync="TRUE">NAMECAP</attrlabl><attalias Sync="TRUE">NAMECAP</attalias><attrtype Sync="TRUE">String</attrtype><attwidth Sync="TRUE">50</attwidth></attr><attr><attrlabl Sync="TRUE">COUNTY</attrlabl><attalias Sync="TRUE">COUNTY</attalias><attrtype Sync="TRUE">String</attrtype><attwidth Sync="TRUE">40</attwidth></attr><attr><attrlabl Sync="TRUE">CO_SEAT</attrlabl><attalias Sync="TRUE">CO_SEAT</attalias><attrtype Sync="TRUE">String</attrtype><attwidth Sync="TRUE">16</attwidth></attr></detailed></eainfo><distinfo><distrib>Iowa Department of Natural Resources</distrib><resdesc>Incorporated_cities_2000</resdesc><distliab>This digital, geographically referenced data set was developed by the Iowa Department of Natural Resources to carry out agency responsibilities related to management, protection, and development of Iowa's natural resources.  It resides in the Natural Resources Geographic Information System library. Although efforts have been made to make it useful to the Department, the Department assumes no responsibility for errors in the information.  Similarly the Department assumes no responsibility for the consequences of inappropriate uses or interpretations of the data made by anyone to whom this data has been made available.  The Department bears no responsibility to inform users of any changes made to this data.  Anyone using this data is advised that precision implied by the coverage may far exceed actual precision.  Comments on this data are invited and the Department would appreciate that documented errors be brought to staff attention.  The development of the coverages in the NRGIS Library represents a major investment of staff time and effort.  As a professional responsibility, we expect that the Iowa DNR will receive proper credit when you utilize these GIS coverages and that the original documentation will remain with any redistribution of these coverages.</distliab><stdorder><digform><digtinfo>Shapefile<formverd>01/22/02</formverd><transize Sync="TRUE">0.748</transize><dssize Sync="TRUE">0.748</dssize></digtinfo><digtopt><onlinopt><computer><networka><networkr>ftp://ftp.igsb.uiowa.edu/gis_library/IA_state/Admin_Political_Boundary/Incorporated_cities_2000.zip</networkr></networka></computer></onlinopt></digtopt></digform></stdorder></distinfo><metainfo><metc><cntinfo><cntorgp><cntper>Casey Kohrt</cntper><cntorg>Iowa Department of Natural Resources - Geological Survey</cntorg></cntorgp><cntaddr><address>109 Trowbridge Hall</address><city>Iowa City</city><state>IA</state><postal>52242-1319</postal><addrtype>Mailing and Physical</addrtype></cntaddr><cntvoice>319-335-1353</cntvoice><cntemail>gis_library@igsb.uiowa.edu</cntemail></cntinfo></metc><metac>None</metac><metuc>None</metuc><langmeta Sync="TRUE">en</langmeta><metstdn Sync="TRUE">FGDC Content Standards for Digital Geospatial Metadata</metstdn><metstdv Sync="TRUE">FGDC-STD-001-1998</metstdv><mettc Sync="TRUE">local time</mettc><metd Sync="TRUE">20031104</metd><metextns><onlink Sync="TRUE">http://www.esri.com/metadata/esriprof80.html</onlink><metprof Sync="TRUE">ESRI Metadata Profile</metprof></metextns></metainfo><citeinfo><origin>Casey J Kohrt</origin><pubdate>Complete</pubdate><title>Incorporated_cities_2000</title><geoform>Shapefile</geoform><pubinfo><pubplace>None</pubplace><publish>Iowa Department of Natural Resources</publish></pubinfo><othercit>None</othercit></citeinfo><timeinfo><sngdate><caldate>01/22/02</caldate></sngdate></timeinfo><cntinfo><cntperp><cntper>Casey Kohrt</cntper><cntorg>Iowa Department of Natural Resources - Geological Survey</cntorg></cntperp><cntaddr><addrtype>Mailing and Physical</addrtype><address>109 Trowbridge Hall</address><city>Iowa City</city><state>IA</state><postal>52242-1319</postal></cntaddr><cntvoice>319-335-1353</cntvoice><cntemail>gis_library@igsb.uiowa.edu</cntemail></cntinfo><dataIdInfo><envirDesc Sync="TRUE">Microsoft Windows 2000 Version 5.0 (Build 2195) Service Pack 4; ESRI ArcCatalog 8.3.0.800</envirDesc><dataLang><languageCode Sync="TRUE" value="en"></languageCode></dataLang><idCitation><resTitle Sync="TRUE">incorporated_cities_2000</resTitle><presForm><PresFormCd Sync="TRUE" value="005"></PresFormCd></presForm></idCitation><spatRpType><SpatRepTypCd Sync="TRUE" value="001"></SpatRepTypCd></spatRpType><dataExt><geoEle><GeoBndBox esriExtentType="native"><westBL Sync="TRUE">204471.060577</westBL><eastBL Sync="TRUE">736077.796473</eastBL><northBL Sync="TRUE">4817905.866972</northBL><southBL Sync="TRUE">4470945.817083</southBL><exTypeCode Sync="TRUE">1</exTypeCode></GeoBndBox></geoEle></dataExt><geoBox esriExtentType="decdegrees"><westBL Sync="TRUE">-96.652725</westBL><eastBL Sync="TRUE">-90.081033</eastBL><northBL Sync="TRUE">43.514087</northBL><southBL Sync="TRUE">40.336752</southBL><exTypeCode Sync="TRUE">1</exTypeCode></geoBox></dataIdInfo><mdLang><languageCode Sync="TRUE" value="en"></languageCode></mdLang><mdStanName Sync="TRUE">ISO 19115 Geographic Information - Metadata</mdStanName><mdStanVer Sync="TRUE">DIS_ESRI1.0</mdStanVer><mdChar><CharSetCd Sync="TRUE" value="004"></CharSetCd></mdChar><mdHrLv><ScopeCd Sync="TRUE" value="005"></ScopeCd></mdHrLv><mdHrLvName Sync="TRUE">dataset</mdHrLvName><distInfo><distributor><distorTran><onLineSrc><orDesc Sync="TRUE">002</orDesc><linkage Sync="TRUE">file://\\Idnrgsb9\NEW_LIB\Data_NAD83\IA_State\Admin_Political_Boundary\incorporated_cities_2000.shp</linkage><protocol Sync="TRUE">Local Area Network</protocol></onLineSrc><transSize Sync="TRUE">0.748</transSize></distorTran><distorFormat><formatName Sync="TRUE">Shapefile</formatName></distorFormat></distributor></distInfo><spdoinfo><direct Sync="TRUE">Vector</direct><ptvctinf><esriterm Name="incorporated_cities_2000"><efeatyp Sync="TRUE">Simple</efeatyp><efeageom Sync="TRUE">Polygon</efeageom><esritopo Sync="TRUE">FALSE</esritopo><efeacnt Sync="TRUE">1046</efeacnt><spindex Sync="TRUE">TRUE</spindex><linrefer Sync="TRUE">FALSE</linrefer></esriterm><sdtsterm Name="incorporated_cities_2000"><sdtstype Sync="TRUE">G-polygon</sdtstype><ptvctcnt Sync="TRUE">1046</ptvctcnt></sdtsterm></ptvctinf></spdoinfo><spref><horizsys><cordsysn><geogcsn Sync="TRUE">GCS_North_American_1983</geogcsn><projcsn Sync="TRUE">NAD_1983_UTM_Zone_15N</projcsn></cordsysn><planar><planci><plance Sync="TRUE">coordinate pair</plance><plandu Sync="TRUE">meters</plandu><coordrep><absres Sync="TRUE">0.001024</absres><ordres Sync="TRUE">0.001024</ordres></coordrep></planci><gridsys><gridsysn Sync="TRUE">Universal Transverse Mercator</gridsysn><utm><utmzone Sync="TRUE">15</utmzone><transmer><sfctrmer Sync="TRUE">0.999600</sfctrmer><longcm Sync="TRUE">-93.000000</longcm><latprjo Sync="TRUE">0.000000</latprjo><feast Sync="TRUE">500000.000000</feast><fnorth Sync="TRUE">0.000000</fnorth></transmer></utm></gridsys></planar><geodetic><horizdn Sync="TRUE">North American Datum of 1983</horizdn><ellips Sync="TRUE">Geodetic Reference System 80</ellips><semiaxis Sync="TRUE">6378137.000000</semiaxis><denflat Sync="TRUE">298.257222</denflat></geodetic></horizsys></spref><refSysInfo><RefSystem><refSysID><identCode Sync="TRUE">NAD_1983_UTM_Zone_15N</identCode></refSysID></RefSystem></refSysInfo><spatRepInfo><VectSpatRep><topLvl><TopoLevCd Sync="TRUE" value="001"></TopoLevCd></topLvl><geometObjs Name="incorporated_cities_2000"><geoObjTyp><GeoObjTypCd Sync="TRUE" value="001"></GeoObjTypCd></geoObjTyp><geoObjCnt Sync="TRUE">1046</geoObjCnt></geometObjs></VectSpatRep></spatRepInfo><mdDateSt Sync="TRUE">20031104</mdDateSt></metadata>
