<?xml version="1.0" encoding="UTF-8"?>
<metadata xml:lang="en"><Esri><SyncDate>20131009</SyncDate><SyncTime>14294100</SyncTime><ModDate>20131009</ModDate><ModTime>14294100</ModTime><CreaDate>20131009</CreaDate><CreaTime>13000600</CreaTime><SyncOnce>FALSE</SyncOnce><DataProperties><itemProps><itemLocation><linkage Sync="TRUE">file://\\GISMOBILE8-PC\C$\Users\Administrator\Desktop\Essential GIS\Data\Iowa-Statewide data\major_rivers.shp</linkage><protocol Sync="TRUE">Local Area Network</protocol></itemLocation><itemName Sync="TRUE">major_rivers</itemName><imsContentType Sync="TRUE">002</imsContentType><nativeExtBox><westBL Sync="TRUE">202073.808723</westBL><eastBL Sync="TRUE">736849.210393</eastBL><southBL Sync="TRUE">4470598.397186</southBL><northBL Sync="TRUE">4822673.786539</northBL><exTypeCode Sync="TRUE">1</exTypeCode></nativeExtBox><itemSize Sync="TRUE">0.554</itemSize></itemProps><copyHistory><copy source="C:\Essential GIS\Data\Iowa-Statewide data\major_rivers" dest="\\GISMOBILE8-PC\C$\Users\Administrator\Desktop\Essential GIS\Data\Iowa-Statewide data\major_rivers" date="20131009" time="13000600"></copy></copyHistory><coordRef><type Sync="TRUE">Projected</type><geogcsn Sync="TRUE">GCS_North_American_1983</geogcsn><csUnits Sync="TRUE">Linear Unit: Meter (1.000000)</csUnits><projcsn Sync="TRUE">NAD_1983_UTM_Zone_15N</projcsn><peXml Sync="TRUE">&lt;ProjectedCoordinateSystem xsi:type='typens:ProjectedCoordinateSystem' xmlns:xsi='http://www.w3.org/2001/XMLSchema-instance' xmlns:xs='http://www.w3.org/2001/XMLSchema' xmlns:typens='http://www.esri.com/schemas/ArcGIS/10.1'&gt;&lt;WKT&gt;PROJCS[&amp;quot;NAD_1983_UTM_Zone_15N&amp;quot;,GEOGCS[&amp;quot;GCS_North_American_1983&amp;quot;,DATUM[&amp;quot;D_North_American_1983&amp;quot;,SPHEROID[&amp;quot;GRS_1980&amp;quot;,6378137.0,298.257222101]],PRIMEM[&amp;quot;Greenwich&amp;quot;,0.0],UNIT[&amp;quot;Degree&amp;quot;,0.0174532925199433]],PROJECTION[&amp;quot;Transverse_Mercator&amp;quot;],PARAMETER[&amp;quot;False_Easting&amp;quot;,500000.0],PARAMETER[&amp;quot;False_Northing&amp;quot;,0.0],PARAMETER[&amp;quot;Central_Meridian&amp;quot;,-93.0],PARAMETER[&amp;quot;Scale_Factor&amp;quot;,0.9996],PARAMETER[&amp;quot;Latitude_Of_Origin&amp;quot;,0.0],UNIT[&amp;quot;Meter&amp;quot;,1.0],AUTHORITY[&amp;quot;EPSG&amp;quot;,26915]]&lt;/WKT&gt;&lt;XOrigin&gt;-5120900&lt;/XOrigin&gt;&lt;YOrigin&gt;-9998100&lt;/YOrigin&gt;&lt;XYScale&gt;450445547.3910538&lt;/XYScale&gt;&lt;ZOrigin&gt;-100000&lt;/ZOrigin&gt;&lt;ZScale&gt;10000&lt;/ZScale&gt;&lt;MOrigin&gt;-100000&lt;/MOrigin&gt;&lt;MScale&gt;10000&lt;/MScale&gt;&lt;XYTolerance&gt;0.001&lt;/XYTolerance&gt;&lt;ZTolerance&gt;0.001&lt;/ZTolerance&gt;&lt;MTolerance&gt;0.001&lt;/MTolerance&gt;&lt;HighPrecision&gt;true&lt;/HighPrecision&gt;&lt;WKID&gt;26915&lt;/WKID&gt;&lt;LatestWKID&gt;26915&lt;/LatestWKID&gt;&lt;/ProjectedCoordinateSystem&gt;</peXml></coordRef></DataProperties></Esri><idinfo><citation><citeinfo><origin>James D. Giglierano, Calvin F. Wolter</origin><pubdate>01/01/90</pubdate><pubinfo><pubplace>None</pubplace><publish>Iowa Department of Natural Resources</publish></pubinfo><title>Major Rivers of Iowa</title><ftname Sync="TRUE">major_rivers</ftname><geoform Sync="TRUE">vector digital data</geoform><onlink>ftp://ftp.igsb.uiowa.edu/gis_library/IA_State/Hydrologic/Surface_Waters/major_rivers.zip</onlink></citeinfo><datacred>James D. Giglierano, Calvin F. Wolter</datacred><native>PC ARC/INFO 3.4D</native></citation><descript><abstract>This coverage contains arcs that represent the major river systems in Iowa.</abstract><purpose>This digital, geographically referenced data set was developed by the Iowa Department of Natural Resources to carry out agency responsibilities related to management, protection, and development of Iowa's natural resources.</purpose><supplinf>None</supplinf><langdata Sync="TRUE">en</langdata></descript><timeperd><current>publication date</current><timeinfo><sngdate><caldate>01/08/97</caldate></sngdate></timeinfo></timeperd><status><progress>Complete</progress><update>None planned</update></status><keywords><theme><themekt>None</themekt><themekey>None</themekey></theme></keywords><accconst>None</accconst><useconst>None</useconst><ptcontac><cntinfo><cntperp><cntper>James D. Giglierano</cntper><cntorg>Iowa Department of Natural Resources</cntorg></cntperp><cntaddr><address>109 Trowbridge Hall</address><city>Iowa City</city><state>IA</state><postal>52242-1319</postal></cntaddr></cntinfo></ptcontac><native Sync="TRUE">Microsoft Windows 2000 Version 5.0 (Build 2195) Service Pack 4; ESRI ArcCatalog 8.3.0.800</native><natvform Sync="TRUE">Shapefile</natvform><spdom><lboundng><leftbc Sync="TRUE">202073.808723</leftbc><rightbc Sync="TRUE">736849.210393</rightbc><bottombc Sync="TRUE">4470598.397186</bottombc><topbc Sync="TRUE">4822673.786539</topbc></lboundng><bounding><westbc Sync="TRUE">-96.684901</westbc><eastbc Sync="TRUE">-90.069432</eastbc><northbc Sync="TRUE">43.557019</northbc><southbc Sync="TRUE">40.332776</southbc></bounding></spdom></idinfo><dataqual><posacc><horizpa><horizpar>Based on accuracy of the source material and error from  digitizing, the positional accuracy of the coordinates is estimated to be 570 meters, using a root-sum-square calculation. </horizpar></horizpa></posacc><lineage><srcinfo>None<srcscale>500,000</srcscale><typesrc>Paper copy of map</typesrc><srccite><citeinfo><title>None</title></citeinfo></srccite></srcinfo><procstep>original conversion<procdesc>Originally digitized on GSB's Tektronix digitizing table with the DIGIT in-house digitizing program, reprojected from lambert to UTM using DIGIT, then converted into ARC/INFO using the GENERATE command. </procdesc></procstep></lineage></dataqual><eainfo><overview><eaover>LENGTH: Length of the arc in meters  

RIVER500_: Internal arc identifier  

RIVER500_ID: User assigned identifier  

GRID_CODE: Code for export to EPPL7  

WBID: EPD water body identifier  

WBNAME: Water body name 

<eadetcit>None</eadetcit></eaover></overview><detailed Name="major_rivers"><enttyp><enttypl Sync="TRUE">major_rivers</enttypl><enttypt Sync="TRUE">Feature Class</enttypt><enttypc Sync="TRUE">1781</enttypc></enttyp><attr><attrlabl Sync="TRUE">FID</attrlabl><attalias Sync="TRUE">FID</attalias><attrtype Sync="TRUE">OID</attrtype><attwidth Sync="TRUE">4</attwidth><atprecis Sync="TRUE">0</atprecis><attscale Sync="TRUE">0</attscale><attrdef Sync="TRUE">Internal feature number.</attrdef><attrdefs Sync="TRUE">ESRI</attrdefs><attrdomv><udom Sync="TRUE">Sequential unique whole numbers that are automatically generated.</udom></attrdomv></attr><attr><attrlabl Sync="TRUE">Shape</attrlabl><attalias Sync="TRUE">Shape</attalias><attrtype Sync="TRUE">Geometry</attrtype><attwidth Sync="TRUE">0</attwidth><atprecis Sync="TRUE">0</atprecis><attscale Sync="TRUE">0</attscale><attrdef Sync="TRUE">Feature geometry.</attrdef><attrdefs Sync="TRUE">ESRI</attrdefs><attrdomv><udom Sync="TRUE">Coordinates defining the features.</udom></attrdomv></attr><attr><attrlabl Sync="TRUE">FNODE_</attrlabl><attalias Sync="TRUE">FNODE_</attalias><attrtype Sync="TRUE">Double</attrtype><attwidth Sync="TRUE">11</attwidth><atprecis Sync="TRUE">11</atprecis><attscale Sync="TRUE">0</attscale></attr><attr><attrlabl Sync="TRUE">TNODE_</attrlabl><attalias Sync="TRUE">TNODE_</attalias><attrtype Sync="TRUE">Double</attrtype><attwidth Sync="TRUE">11</attwidth><atprecis Sync="TRUE">11</atprecis><attscale Sync="TRUE">0</attscale></attr><attr><attrlabl Sync="TRUE">LPOLY_</attrlabl><attalias Sync="TRUE">LPOLY_</attalias><attrtype Sync="TRUE">Double</attrtype><attwidth Sync="TRUE">11</attwidth><atprecis Sync="TRUE">11</atprecis><attscale Sync="TRUE">0</attscale></attr><attr><attrlabl Sync="TRUE">RPOLY_</attrlabl><attalias Sync="TRUE">RPOLY_</attalias><attrtype Sync="TRUE">Double</attrtype><attwidth Sync="TRUE">11</attwidth><atprecis Sync="TRUE">11</atprecis><attscale Sync="TRUE">0</attscale></attr><attr><attrlabl Sync="TRUE">LENGTH</attrlabl><attalias Sync="TRUE">LENGTH</attalias><attrtype Sync="TRUE">Double</attrtype><attwidth Sync="TRUE">19</attwidth><atprecis Sync="TRUE">18</atprecis><attscale Sync="TRUE">6</attscale></attr><attr><attrlabl Sync="TRUE">RIVER500_</attrlabl><attalias Sync="TRUE">RIVER500_</attalias><attrtype Sync="TRUE">Double</attrtype><attwidth Sync="TRUE">11</attwidth><atprecis Sync="TRUE">11</atprecis><attscale Sync="TRUE">0</attscale></attr><attr><attrlabl Sync="TRUE">RIVER500_I</attrlabl><attalias Sync="TRUE">RIVER500_I</attalias><attrtype Sync="TRUE">Double</attrtype><attwidth Sync="TRUE">11</attwidth><atprecis Sync="TRUE">11</atprecis><attscale Sync="TRUE">0</attscale></attr><attr><attrlabl Sync="TRUE">WBID</attrlabl><attalias Sync="TRUE">WBID</attalias><attrtype Sync="TRUE">String</attrtype><attwidth Sync="TRUE">14</attwidth><atprecis Sync="TRUE">0</atprecis><attscale Sync="TRUE">0</attscale></attr><attr><attrlabl Sync="TRUE">WBNAME</attrlabl><attalias Sync="TRUE">WBNAME</attalias><attrtype Sync="TRUE">String</attrtype><attwidth Sync="TRUE">30</attwidth><atprecis Sync="TRUE">0</atprecis><attscale Sync="TRUE">0</attscale></attr><attr><attrlabl Sync="TRUE">AREA</attrlabl><attalias Sync="TRUE">AREA</attalias><attrtype Sync="TRUE">Double</attrtype><attwidth Sync="TRUE">19</attwidth><atprecis Sync="TRUE">18</atprecis><attscale Sync="TRUE">6</attscale></attr><attr><attrlabl Sync="TRUE">PERIMETER</attrlabl><attalias Sync="TRUE">PERIMETER</attalias><attrtype Sync="TRUE">Double</attrtype><attwidth Sync="TRUE">19</attwidth><atprecis Sync="TRUE">18</atprecis><attscale Sync="TRUE">6</attscale></attr><attr><attrlabl Sync="TRUE">CO_NUMBER</attrlabl><attalias Sync="TRUE">CO_NUMBER</attalias><attrtype Sync="TRUE">SmallInteger</attrtype><attwidth Sync="TRUE">2</attwidth><atprecis Sync="TRUE">2</atprecis><attscale Sync="TRUE">0</attscale></attr><attr><attrlabl Sync="TRUE">CO_NAME</attrlabl><attalias Sync="TRUE">CO_NAME</attalias><attrtype Sync="TRUE">String</attrtype><attwidth Sync="TRUE">14</attwidth><atprecis Sync="TRUE">0</atprecis><attscale Sync="TRUE">0</attscale></attr></detailed></eainfo><distinfo><distrib>Iowa Department of Natural Resources</distrib><resdesc>Major_rivers</resdesc><distliab>This digital, geographically referenced data set was developed by the Iowa Department of Natural Resources to carry out agency responsibilities related to management, protection, and development of Iowa's natural resources.  It resides in the Natural Resources Geographic Information System library. Although efforts have been made to make it useful to the Department, the Department assumes no responsibility for errors in the information.  Similarly the Department assumes no responsibility for the consequences of inappropriate uses or interpretations of the data made by anyone to whom this data has been made available.  The Department bears no responsibility to inform users of any changes made to this data.  Anyone using this data is advised that precision implied by the coverage may far exceed actual precision.  Comments on this data are invited and the Department would appreciate that documented errors be brought to staff attention.  The development of the coverages in the NRGIS Library represents a major investment of staff time and effort.  As a professional responsibility, we expect that the Iowa DNR will receive proper credit when you utilize these GIS coverages and that the original documentation will remain with any redistribution of these coverages.</distliab><stdorder><digform><digtinfo>Shapefile<formverd>01/08/97</formverd><transize Sync="TRUE">0.913</transize><dssize Sync="TRUE">0.913</dssize></digtinfo><digtopt><onlinopt><computer><networka><networkr>ftp://ftp.igsb.uiowa.edu/gis_library/IA_state/Hydrologic/Surface_Waters/Major_rivers.zip</networkr></networka></computer></onlinopt></digtopt></digform></stdorder></distinfo><metainfo><metc><cntinfo><cntorgp><cntper>Casey Kohrt</cntper><cntorg>Iowa Department of Natural Resources - Geological Survey</cntorg></cntorgp><cntaddr><address>109 Trowbridge Hall</address><city>Iowa City</city><state>IA</state><postal>52242-1319</postal><addrtype>Mailing and Physical</addrtype></cntaddr><cntvoice>319-335-1353</cntvoice><cntemail>gis_library@igsb.uiowa.edu</cntemail></cntinfo></metc><metac>None</metac><metuc>None</metuc><langmeta Sync="TRUE">en</langmeta><metstdn Sync="TRUE">FGDC Content Standards for Digital Geospatial Metadata</metstdn><metstdv Sync="TRUE">FGDC-STD-001-1998</metstdv><mettc Sync="TRUE">local time</mettc><metd Sync="TRUE">20031106</metd></metainfo><citeinfo><origin>James D. Giglierano, Calvin F. Wolter</origin><pubdate>Complete</pubdate><title>Major_rivers</title><geoform>Shapefile</geoform><pubinfo><pubplace>None</pubplace><publish>Iowa Department of Natural Resources</publish></pubinfo><othercit>None</othercit></citeinfo><timeinfo><sngdate><caldate>01/08/97</caldate></sngdate></timeinfo><cntinfo><cntperp><cntper>Casey Kohrt</cntper><cntorg>Iowa Department of Natural Resources - Geological Survey</cntorg></cntperp><cntaddr><addrtype>Mailing and Physical</addrtype><address>109 Trowbridge Hall</address><city>Iowa City</city><state>IA</state><postal>52242-1319</postal></cntaddr><cntvoice>319-335-1353</cntvoice><cntemail>gis_library@igsb.uiowa.edu</cntemail></cntinfo><dataIdInfo><envirDesc Sync="TRUE">Microsoft Windows 7 Version 6.1 (Build 7601) Service Pack 1; Esri ArcGIS 10.2.0.3348</envirDesc><dataLang><languageCode Sync="TRUE" value="eng"></languageCode><countryCode value="USA" Sync="TRUE"></countryCode></dataLang><idCitation><resTitle Sync="TRUE">major_rivers</resTitle><presForm><PresFormCd Sync="TRUE" value="005"></PresFormCd></presForm></idCitation><spatRpType><SpatRepTypCd Sync="TRUE" value="001"></SpatRepTypCd></spatRpType><dataExt><geoEle><GeoBndBox esriExtentType="native"><westBL Sync="TRUE">202073.808723</westBL><eastBL Sync="TRUE">736849.210393</eastBL><northBL Sync="TRUE">4822673.786539</northBL><southBL Sync="TRUE">4470598.397186</southBL><exTypeCode Sync="TRUE">1</exTypeCode></GeoBndBox></geoEle></dataExt><geoBox esriExtentType="decdegrees"><westBL Sync="TRUE">-96.684901</westBL><eastBL Sync="TRUE">-90.069432</eastBL><northBL Sync="TRUE">43.557019</northBL><southBL Sync="TRUE">40.332776</southBL><exTypeCode Sync="TRUE">1</exTypeCode></geoBox><dataExt><geoEle><GeoBndBox esriExtentType="search"><exTypeCode Sync="TRUE">1</exTypeCode><westBL Sync="TRUE">-96.684901</westBL><eastBL Sync="TRUE">-90.069432</eastBL><northBL Sync="TRUE">43.557019</northBL><southBL Sync="TRUE">40.332776</southBL></GeoBndBox></geoEle></dataExt></dataIdInfo><mdLang><languageCode Sync="TRUE" value="eng"></languageCode><countryCode value="USA" Sync="TRUE"></countryCode></mdLang><mdStanName Sync="TRUE">ISO 19115 Geographic Information - Metadata</mdStanName><mdStanVer Sync="TRUE">DIS_ESRI1.0</mdStanVer><mdChar><CharSetCd Sync="TRUE" value="004"></CharSetCd></mdChar><mdHrLv><ScopeCd Sync="TRUE" value="005"></ScopeCd></mdHrLv><mdHrLvName Sync="TRUE">dataset</mdHrLvName><distInfo><distributor><distorTran><onLineSrc><orDesc Sync="TRUE">002</orDesc><linkage Sync="TRUE">file://\\Idnrgsb9\NEW_LIB\Data_NAD83\IA_State\Hydrologic\Surface_Waters\major_rivers.shp</linkage><protocol Sync="TRUE">Local Area Network</protocol></onLineSrc><transSize Sync="TRUE">0.913</transSize></distorTran><distorFormat><formatName Sync="TRUE">Shapefile</formatName></distorFormat></distributor><distFormat><formatName Sync="TRUE">Shapefile</formatName></distFormat><distTranOps><transSize Sync="TRUE">0.554</transSize></distTranOps></distInfo><spdoinfo><direct Sync="TRUE">Vector</direct><ptvctinf><esriterm Name="major_rivers"><efeatyp Sync="TRUE">Simple</efeatyp><efeageom code="3" Sync="TRUE"></efeageom><esritopo Sync="TRUE">FALSE</esritopo><efeacnt Sync="TRUE">1781</efeacnt><spindex Sync="TRUE">FALSE</spindex><linrefer Sync="TRUE">FALSE</linrefer></esriterm></ptvctinf></spdoinfo><spref><horizsys><cordsysn><geogcsn Sync="TRUE">GCS_North_American_1983</geogcsn><projcsn Sync="TRUE">NAD_1983_UTM_Zone_15N</projcsn></cordsysn><planar><planci><plance Sync="TRUE">coordinate pair</plance><plandu Sync="TRUE">meters</plandu><coordrep><absres Sync="TRUE">0.001024</absres><ordres Sync="TRUE">0.001024</ordres></coordrep></planci></planar><geodetic><horizdn Sync="TRUE">North American Datum of 1983</horizdn><ellips Sync="TRUE">Geodetic Reference System 80</ellips><semiaxis Sync="TRUE">6378137.000000</semiaxis><denflat Sync="TRUE">298.257222</denflat></geodetic></horizsys></spref><refSysInfo><RefSystem><refSysID><identCode Sync="TRUE" code="26915">NAD_1983_UTM_Zone_15N</identCode><idCodeSpace Sync="TRUE">EPSG</idCodeSpace><idVersion Sync="TRUE">8.1.1</idVersion></refSysID></RefSystem></refSysInfo><spatRepInfo><VectSpatRep><geometObjs Name="major_rivers"><geoObjTyp><GeoObjTypCd value="002" Sync="TRUE"></GeoObjTypCd></geoObjTyp><geoObjCnt Sync="TRUE">1781</geoObjCnt></geometObjs><topLvl><TopoLevCd value="001" Sync="TRUE"></TopoLevCd></topLvl></VectSpatRep></spatRepInfo><mdDateSt Sync="TRUE">20131009</mdDateSt></metadata>
