<?xml version="1.0"?>
<!--<!DOCTYPE metadata SYSTEM "http://www.esri.com/metadata/esriprof80.dtd">-->
<metadata xml:lang="en"><Esri><CreaDate>20131009</CreaDate><CreaTime>13152200</CreaTime><SyncOnce>TRUE</SyncOnce><DataProperties><itemProps><itemLocation><linkage Sync="TRUE">file://\\GISMOBILE8-PC\C$\Users\Administrator\Desktop\Essential GIS\Data\City\Mt.Pleasant\Mt.Pleasant_downtown_neighborhood</linkage><protocol Sync="TRUE">Local Area Network</protocol></itemLocation></itemProps><copyHistory><copy source="C:\Essential GIS\Data\City\Mt.Pleasant_downtown_neighborhood" dest="\\GISMOBILE8-PC\C$\Users\Administrator\Desktop\Essential GIS\Data\City\Mt.Pleasant\Mt.Pleasant_downtown_neighborhood" date="20131009" time="13152200"></copy></copyHistory></DataProperties></Esri><idinfo><citation><citeinfo><onlink Sync="TRUE">\\DGRLGM71\C$\Essential GIS\Data\City\Mt.Pleasant_downtown_neighborhood</onlink></citeinfo></citation></idinfo><distInfo><distributor><distorTran><onLineSrc><linkage Sync="TRUE">file://\\DGRLGM71\C$\Essential GIS\Data\City\Mt.Pleasant_downtown_neighborhood</linkage><protocol Sync="TRUE">Local Area Network</protocol></onLineSrc></distorTran></distributor></distInfo><dataqual><lineage><procstep><procdesc Sync="TRUE">Dataset copied.</procdesc><srcused Sync="TRUE">Z:\Daphne\Essential GIS\Data\City\Mt.Pleasant_downtown_neighborhood</srcused><date Sync="TRUE">20080130</date><time Sync="TRUE">15551100</time></procstep></lineage></dataqual></metadata>
