<?xml version="1.0"?>
<!--<!DOCTYPE metadata SYSTEM "http://www.esri.com/metadata/esriprof80.dtd">-->
<metadata xml:lang="en"><Esri><CreaDate>20131009</CreaDate><CreaTime>13151400</CreaTime><SyncOnce>FALSE</SyncOnce><DataProperties><lineage><Process Name="Merge_1" ToolSource="C:\Program Files\ArcGIS\ArcToolbox\Toolboxes\Data Management Tools.tbx\Merge" Date="20060824" Time="113006">Merge 'C:\mt pleasant from joe\GIs data\Block 10.shp';'C:\mt pleasant from joe\GIs data\Block 11.shp';'C:\mt pleasant from joe\GIs data\Block 12.shp';'C:\mt pleasant from joe\GIs data\Block 13.shp';'C:\mt pleasant from joe\GIs data\Block 14.shp';'C:\mt pleasant from joe\GIs data\Block 15.shp';'C:\mt pleasant from joe\GIs data\Block 16.shp';'C:\mt pleasant from joe\GIs data\Block 17.shp';'C:\mt pleasant from joe\GIs data\Block 18.shp';'C:\mt pleasant from joe\GIs data\Block 19.shp';'C:\mt pleasant from joe\GIs data\Block 20.shp';'C:\mt pleasant from joe\GIs data\Block 21.shp';'C:\mt pleasant from joe\GIs data\Block 22.shp';'C:\mt pleasant from joe\GIs data\Block 23.shp';'C:\mt pleasant from joe\GIs data\Block 24.shp';'C:\mt pleasant from joe\GIs data\Block 25.shp';'C:\mt pleasant from joe\GIs data\Block 26.shp';'C:\mt pleasant from joe\GIs data\Block 4.shp';'C:\mt pleasant from joe\GIs data\Block 5.shp';'C:\mt pleasant from joe\GIs data\Block 6.shp';'C:\mt pleasant from joe\GIs data\Block 7.shp';'C:\mt pleasant from joe\GIs data\Block 8.shp';'C:\mt pleasant from joe\GIs data\Block 9.shp';'C:\mt pleasant from joe\GIs data\Block1.shp';'C:\mt pleasant from joe\GIs data\Block2.shp';'C:\mt pleasant from joe\GIs data\Block3.shp' "C:\mt pleasant from joe\GIs data\Blocks.shp" "Id Id true false false 6 Long 0 6 ,First,#,C:\mt pleasant from joe\GIs data\Block 10.shp,Id,-1,-1,C:\mt pleasant from joe\GIs data\Block 11.shp,Id,-1,-1,C:\mt pleasant from joe\GIs data\Block 12.shp,Id,-1,-1,C:\mt pleasant from joe\GIs data\Block 13.shp,Id,-1,-1,C:\mt pleasant from joe\GIs data\Block 14.shp,Id,-1,-1,C:\mt pleasant from joe\GIs data\Block 15.shp,Id,-1,-1,C:\mt pleasant from joe\GIs data\Block 16.shp,Id,-1,-1,C:\mt pleasant from joe\GIs data\Block 17.shp,Id,-1,-1,C:\mt pleasant from joe\GIs data\Block 18.shp,Id,-1,-1,C:\mt pleasant from joe\GIs data\Block 19.shp,Id,-1,-1,C:\mt pleasant from joe\GIs data\Block 20.shp,Id,-1,-1,C:\mt pleasant from joe\GIs data\Block 21.shp,Id,-1,-1,C:\mt pleasant from joe\GIs data\Block 22.shp,Id,-1,-1,C:\mt pleasant from joe\GIs data\Block 23.shp,Id,-1,-1,C:\mt pleasant from joe\GIs data\Block 24.shp,Id,-1,-1,C:\mt pleasant from joe\GIs data\Block 25.shp,Id,-1,-1,C:\mt pleasant from joe\GIs data\Block 26.shp,Id,-1,-1,C:\mt pleasant from joe\GIs data\Block 4.shp,Id,-1,-1,C:\mt pleasant from joe\GIs data\Block 5.shp,Id,-1,-1,C:\mt pleasant from joe\GIs data\Block 6.shp,Id,-1,-1,C:\mt pleasant from joe\GIs data\Block 7.shp,Id,-1,-1,C:\mt pleasant from joe\GIs data\Block 8.shp,Id,-1,-1,C:\mt pleasant from joe\GIs data\Block 9.shp,Id,-1,-1,C:\mt pleasant from joe\GIs data\Block1.shp,Id,-1,-1,C:\mt pleasant from joe\GIs data\Block2.shp,Id,-1,-1,C:\mt pleasant from joe\GIs data\Block3.shp,Id,-1,-1;Business Business true false false 50 Text 0 0 ,First,#,C:\mt pleasant from joe\GIs data\Block 10.shp,Business,-1,-1,C:\mt pleasant from joe\GIs data\Block 11.shp,Business,-1,-1,C:\mt pleasant from joe\GIs data\Block 12.shp,business,-1,-1,C:\mt pleasant from joe\GIs data\Block 13.shp,Business,-1,-1,C:\mt pleasant from joe\GIs data\Block 14.shp,Business,-1,-1,C:\mt pleasant from joe\GIs data\Block 15.shp,Business,-1,-1,C:\mt pleasant from joe\GIs data\Block 16.shp,Business,-1,-1,C:\mt pleasant from joe\GIs data\Block 17.shp,Business,-1,-1,C:\mt pleasant from joe\GIs data\Block 18.shp,Business,-1,-1,C:\mt pleasant from joe\GIs data\Block 19.shp,Business,-1,-1,C:\mt pleasant from joe\GIs data\Block 20.shp,Business,-1,-1,C:\mt pleasant from joe\GIs data\Block 21.shp,Business,-1,-1,C:\mt pleasant from joe\GIs data\Block 22.shp,Business,-1,-1,C:\mt pleasant from joe\GIs data\Block 23.shp,Business,-1,-1,C:\mt pleasant from joe\GIs data\Block 24.shp,Business,-1,-1,C:\mt pleasant from joe\GIs data\Block 25.shp,Business,-1,-1,C:\mt pleasant from joe\GIs data\Block 26.shp,Business,-1,-1,C:\mt pleasant from joe\GIs data\Block 4.shp,Business,-1,-1,C:\mt pleasant from joe\GIs data\Block 5.shp,Business,-1,-1,C:\mt pleasant from joe\GIs data\Block 6.shp,Business,-1,-1,C:\mt pleasant from joe\GIs data\Block 7.shp,Business,-1,-1,C:\mt pleasant from joe\GIs data\Block 8.shp,Business,-1,-1,C:\mt pleasant from joe\GIs data\Block 9.shp,Business,-1,-1,C:\mt pleasant from joe\GIs data\Block1.shp,Business,-1,-1,C:\mt pleasant from joe\GIs data\Block2.shp,Business,-1,-1,C:\mt pleasant from joe\GIs data\Block3.shp,Business,-1,-1;Type Type true false false 2 Text 0 0 ,First,#,C:\mt pleasant from joe\GIs data\Block 10.shp,Type,-1,-1,C:\mt pleasant from joe\GIs data\Block 11.shp,Type,-1,-1,C:\mt pleasant from joe\GIs data\Block 12.shp,Type,-1,-1,C:\mt pleasant from joe\GIs data\Block 13.shp,Type,-1,-1,C:\mt pleasant from joe\GIs data\Block 14.shp,Type,-1,-1,C:\mt pleasant from joe\GIs data\Block 15.shp,Type,-1,-1,C:\mt pleasant from joe\GIs data\Block 16.shp,Type,-1,-1,C:\mt pleasant from joe\GIs data\Block 17.shp,Type,-1,-1,C:\mt pleasant from joe\GIs data\Block 18.shp,Type,-1,-1,C:\mt pleasant from joe\GIs data\Block 19.shp,Type,-1,-1,C:\mt pleasant from joe\GIs data\Block 20.shp,Type,-1,-1,C:\mt pleasant from joe\GIs data\Block 21.shp,Type,-1,-1,C:\mt pleasant from joe\GIs data\Block 22.shp,Type,-1,-1,C:\mt pleasant from joe\GIs data\Block 23.shp,Type,-1,-1,C:\mt pleasant from joe\GIs data\Block 24.shp,Type,-1,-1,C:\mt pleasant from joe\GIs data\Block 25.shp,Type,-1,-1,C:\mt pleasant from joe\GIs data\Block 4.shp,Type,-1,-1,C:\mt pleasant from joe\GIs data\Block 5.shp,Type,-1,-1,C:\mt pleasant from joe\GIs data\Block 6.shp,Type,-1,-1,C:\mt pleasant from joe\GIs data\Block 7.shp,Type,-1,-1,C:\mt pleasant from joe\GIs data\Block 8.shp,Type,-1,-1,C:\mt pleasant from joe\GIs data\Block 9.shp,Type,-1,-1,C:\mt pleasant from joe\GIs data\Block1.shp,Type,-1,-1,C:\mt pleasant from joe\GIs data\Block2.shp,Type,-1,-1,C:\mt pleasant from joe\GIs data\Block3.shp,Type,-1,-1;Address Address true false false 30 Text 0 0 ,First,#,C:\mt pleasant from joe\GIs data\Block 10.shp,Address,-1,-1,C:\mt pleasant from joe\GIs data\Block 11.shp,Address,-1,-1,C:\mt pleasant from joe\GIs data\Block 12.shp,Address,-1,-1,C:\mt pleasant from joe\GIs data\Block 13.shp,Address,-1,-1,C:\mt pleasant from joe\GIs data\Block 14.shp,Address,-1,-1,C:\mt pleasant from joe\GIs data\Block 15.shp,Address,-1,-1,C:\mt pleasant from joe\GIs data\Block 16.shp,Address,-1,-1,C:\mt pleasant from joe\GIs data\Block 17.shp,Address,-1,-1,C:\mt pleasant from joe\GIs data\Block 18.shp,Address,-1,-1,C:\mt pleasant from joe\GIs data\Block 19.shp,Address,-1,-1,C:\mt pleasant from joe\GIs data\Block 20.shp,Address,-1,-1,C:\mt pleasant from joe\GIs data\Block 21.shp,Address,-1,-1,C:\mt pleasant from joe\GIs data\Block 22.shp,Address,-1,-1,C:\mt pleasant from joe\GIs data\Block 23.shp,Address,-1,-1,C:\mt pleasant from joe\GIs data\Block 24.shp,Address,-1,-1,C:\mt pleasant from joe\GIs data\Block 25.shp,Address,-1,-1,C:\mt pleasant from joe\GIs data\Block 26.shp,Address,-1,-1,C:\mt pleasant from joe\GIs data\Block 4.shp,Address,-1,-1,C:\mt pleasant from joe\GIs data\Block 5.shp,Address,-1,-1,C:\mt pleasant from joe\GIs data\Block 6.shp,Address,-1,-1,C:\mt pleasant from joe\GIs data\Block 7.shp,Address,-1,-1,C:\mt pleasant from joe\GIs data\Block 8.shp,Address,-1,-1,C:\mt pleasant from joe\GIs data\Block 9.shp,Address,-1,-1,C:\mt pleasant from joe\GIs data\Block1.shp,Address,-1,-1,C:\mt pleasant from joe\GIs data\Block2.shp,Address,-1,-1,C:\mt pleasant from joe\GIs data\Block3.shp,Address,-1,-1;PIN PIN true false false 10 Text 0 0 ,First,#,C:\mt pleasant from joe\GIs data\Block 10.shp,PIN,-1,-1,C:\mt pleasant from joe\GIs data\Block 11.shp,PIN,-1,-1,C:\mt pleasant from joe\GIs data\Block 12.shp,PIN,-1,-1,C:\mt pleasant from joe\GIs data\Block 13.shp,PIN,-1,-1,C:\mt pleasant from joe\GIs data\Block 14.shp,PIN,-1,-1,C:\mt pleasant from joe\GIs data\Block 15.shp,PIN,-1,-1,C:\mt pleasant from joe\GIs data\Block 16.shp,PIN,-1,-1,C:\mt pleasant from joe\GIs data\Block 17.shp,PIN,-1,-1,C:\mt pleasant from joe\GIs data\Block 18.shp,PIN,-1,-1,C:\mt pleasant from joe\GIs data\Block 19.shp,PIN,-1,-1,C:\mt pleasant from joe\GIs data\Block 20.shp,PIN,-1,-1,C:\mt pleasant from joe\GIs data\Block 21.shp,PIN,-1,-1,C:\mt pleasant from joe\GIs data\Block 22.shp,PIN,-1,-1,C:\mt pleasant from joe\GIs data\Block 23.shp,PIN,-1,-1,C:\mt pleasant from joe\GIs data\Block 24.shp,PIN,-1,-1,C:\mt pleasant from joe\GIs data\Block 25.shp,PIN,-1,-1,C:\mt pleasant from joe\GIs data\Block 26.shp,PIN,-1,-1,C:\mt pleasant from joe\GIs data\Block 4.shp,PIN,-1,-1,C:\mt pleasant from joe\GIs data\Block 5.shp,PIN,-1,-1,C:\mt pleasant from joe\GIs data\Block 6.shp,PIN,-1,-1,C:\mt pleasant from joe\GIs data\Block 7.shp,PIN,-1,-1,C:\mt pleasant from joe\GIs data\Block 8.shp,PIN,-1,-1,C:\mt pleasant from joe\GIs data\Block 9.shp,PIN,-1,-1,C:\mt pleasant from joe\GIs data\Block1.shp,PIN,-1,-1,C:\mt pleasant from joe\GIs data\Block2.shp,PIN,-1,-1,C:\mt pleasant from joe\GIs data\Block3.shp,PIN,-1,-1;Type_ Type_ true false false 2 Text 0 0 ,First,#,C:\mt pleasant from joe\GIs data\Block 26.shp,Type_,-1,-1;SHAPE_Leng SHAPE_Leng true false false 19 Double 11 18 ,First,#,C:\mt pleasant from joe\GIs data\Block1.shp,SHAPE_Leng,-1,-1,C:\mt pleasant from joe\GIs data\Block2.shp,SHAPE_Leng,-1,-1,C:\mt pleasant from joe\GIs data\Block3.shp,SHAPE_Leng,-1,-1;SHAPE_Area SHAPE_Area true false false 19 Double 11 18 ,First,#,C:\mt pleasant from joe\GIs data\Block1.shp,SHAPE_Area,-1,-1,C:\mt pleasant from joe\GIs data\Block2.shp,SHAPE_Area,-1,-1,C:\mt pleasant from joe\GIs data\Block3.shp,SHAPE_Area,-1,-1"</Process><Process Name="Clip_1" ToolSource="C:\Program Files\ArcGIS\ArcToolbox\Toolboxes\Analysis Tools.tbx\Clip" Date="20060828" Time="113645">Clip BlocksCopy Mt.Downtown C:\GISTutorial_Digitizing\New-digitizing_downtown\Downtown_Blocks.shp #</Process><Process Name="FeatureToPoint_2" ToolSource="C:\Program Files\ArcGIS\ArcToolbox\Toolboxes\Data Management Tools.tbx\FeatureToPoint" Date="20060828" Time="115320">FeatureToPoint Downtown_commercial C:\GISTutorial_Digitizing\New-digitizing_downtown\Commercial_Properties.shp CENTROID</Process></lineage><itemProps><itemLocation><linkage Sync="TRUE">file://\\GISMOBILE8-PC\C$\Users\Administrator\Desktop\Essential GIS\Data\City\Mt.Pleasant\Mt.Pleasant_Commercial_Properties</linkage><protocol Sync="TRUE">Local Area Network</protocol></itemLocation></itemProps><copyHistory><copy source="C:\Essential GIS\Data\City\Mt.Pleasant_Commercial_Properties" dest="\\GISMOBILE8-PC\C$\Users\Administrator\Desktop\Essential GIS\Data\City\Mt.Pleasant\Mt.Pleasant_Commercial_Properties" date="20131009" time="13151400"></copy></copyHistory></DataProperties><SyncDate>20060831</SyncDate><SyncTime>13432100</SyncTime><ModDate>20060831</ModDate><ModTime>13432100</ModTime></Esri><idinfo><native Sync="TRUE">Microsoft Windows XP Version 5.1 (Build 2600) Service Pack 2; ESRI ArcCatalog 9.1.0.722</native><descript><langdata Sync="TRUE">en</langdata><abstract>REQUIRED: A brief narrative summary of the data set.</abstract><purpose>REQUIRED: A summary of the intentions with which the data set was developed.</purpose></descript><citation><citeinfo><origin>REQUIRED: The name of an organization or individual that developed the data set.</origin><pubdate>REQUIRED: The date when the data set is published or otherwise made available for release.</pubdate><title Sync="TRUE">Commercial_Properties</title><ftname Sync="TRUE">Commercial_Properties</ftname><geoform Sync="TRUE">vector digital data</geoform><onlink Sync="TRUE">\\D907XK71E\C$\GISTutorial_Digitizing\Digitizing_Data\Digitizing\Mt.Pleasant\Commercial_Properties.shp</onlink></citeinfo></citation><timeperd><current>REQUIRED: The basis on which the time period of content information is determined.</current><timeinfo><sngdate><caldate>REQUIRED: The year (and optionally month, or month and day) for which the data set corresponds to the ground.</caldate></sngdate></timeinfo></timeperd><status><progress>REQUIRED: The state of the data set.</progress><update>REQUIRED: The frequency with which changes and additions are made to the data set after the initial data set is completed.</update></status><spdom><bounding><westbc Sync="TRUE">-91.556120</westbc><eastbc Sync="TRUE">-91.552103</eastbc><northbc Sync="TRUE">40.967685</northbc><southbc Sync="TRUE">40.964791</southbc></bounding><lboundng><leftbc Sync="TRUE">2177209.699802</leftbc><rightbc Sync="TRUE">2178296.332929</rightbc><bottombc Sync="TRUE">357525.560520</bottombc><topbc Sync="TRUE">358555.827756</topbc></lboundng></spdom><keywords><theme><themekt>REQUIRED: Reference to a formally registered thesaurus or a similar authoritative source of theme keywords.</themekt><themekey>REQUIRED: Common-use word or phrase used to describe the subject of the data set.</themekey></theme></keywords><accconst>REQUIRED: Restrictions and legal prerequisites for accessing the data set.</accconst><useconst>REQUIRED: Restrictions and legal prerequisites for using the data set after access is granted.</useconst><natvform Sync="TRUE">Shapefile</natvform></idinfo><dataIdInfo><envirDesc Sync="TRUE">Microsoft Windows XP Version 5.1 (Build 2600) Service Pack 2; ESRI ArcCatalog 9.1.0.722</envirDesc><dataLang><languageCode Sync="TRUE" value="en"></languageCode></dataLang><idCitation><resTitle Sync="TRUE">Commercial_Properties</resTitle><presForm><PresFormCd Sync="TRUE" value="005"></PresFormCd></presForm></idCitation><spatRpType><SpatRepTypCd Sync="TRUE" value="001"></SpatRepTypCd></spatRpType><dataExt><geoEle><GeoBndBox esriExtentType="native"><westBL Sync="TRUE">2177209.699802</westBL><eastBL Sync="TRUE">2178296.332929</eastBL><northBL Sync="TRUE">358555.827756</northBL><southBL Sync="TRUE">357525.56052</southBL><exTypeCode Sync="TRUE">1</exTypeCode></GeoBndBox></geoEle></dataExt><geoBox esriExtentType="decdegrees"><westBL Sync="TRUE">-91.55612</westBL><eastBL Sync="TRUE">-91.552103</eastBL><northBL Sync="TRUE">40.967685</northBL><southBL Sync="TRUE">40.964791</southBL><exTypeCode Sync="TRUE">1</exTypeCode></geoBox></dataIdInfo><metainfo><langmeta Sync="TRUE">en</langmeta><metstdn Sync="TRUE">FGDC Content Standards for Digital Geospatial Metadata</metstdn><metstdv Sync="TRUE">FGDC-STD-001-1998</metstdv><mettc Sync="TRUE">local time</mettc><metc><cntinfo><cntorgp><cntper>REQUIRED: The person responsible for the metadata information.</cntper><cntorg>REQUIRED: The organization responsible for the metadata information.</cntorg></cntorgp><cntaddr><addrtype>REQUIRED: The mailing and/or physical address for the organization or individual.</addrtype><city>REQUIRED: The city of the address.</city><state>REQUIRED: The state or province of the address.</state><postal>REQUIRED: The ZIP or other postal code of the address.</postal></cntaddr><cntvoice>REQUIRED: The telephone number by which individuals can speak to the organization or individual.</cntvoice></cntinfo></metc><metd Sync="TRUE">20060831</metd><metextns><onlink Sync="TRUE">http://www.esri.com/metadata/esriprof80.html</onlink><metprof Sync="TRUE">ESRI Metadata Profile</metprof></metextns></metainfo><mdLang><languageCode Sync="TRUE" value="en"></languageCode></mdLang><mdStanName Sync="TRUE">ISO 19115 Geographic Information - Metadata</mdStanName><mdStanVer Sync="TRUE">DIS_ESRI1.0</mdStanVer><mdChar><CharSetCd Sync="TRUE" value="004"></CharSetCd></mdChar><mdHrLv><ScopeCd Sync="TRUE" value="005"></ScopeCd></mdHrLv><mdHrLvName Sync="TRUE">dataset</mdHrLvName><distinfo><resdesc Sync="TRUE">Downloadable Data</resdesc><stdorder><digform><digtinfo><transize Sync="TRUE">0.004</transize><dssize Sync="TRUE">0.004</dssize></digtinfo></digform></stdorder></distinfo><distInfo><distributor><distorTran><onLineSrc><orDesc Sync="TRUE">002</orDesc><linkage Sync="TRUE">file://\\D907XK71E\C$\GISTutorial_Digitizing\Digitizing_Data\Digitizing\Mt.Pleasant\Commercial_Properties.shp</linkage><protocol Sync="TRUE">Local Area Network</protocol></onLineSrc><transSize Sync="TRUE">0.004</transSize></distorTran><distorFormat><formatName Sync="TRUE">Shapefile</formatName></distorFormat></distributor></distInfo><spdoinfo><direct Sync="TRUE">Vector</direct><ptvctinf><esriterm Name="Commercial_Properties"><efeatyp Sync="TRUE">Simple</efeatyp><efeageom Sync="TRUE">Point</efeageom><esritopo Sync="TRUE">FALSE</esritopo><efeacnt Sync="TRUE">160</efeacnt><spindex Sync="TRUE">TRUE</spindex><linrefer Sync="TRUE">FALSE</linrefer></esriterm><sdtsterm Name="Commercial_Properties"><sdtstype Sync="TRUE">Entity point</sdtstype><ptvctcnt Sync="TRUE">160</ptvctcnt></sdtsterm></ptvctinf></spdoinfo><spref><horizsys><cordsysn><geogcsn Sync="TRUE">GCS_North_American_1983</geogcsn><projcsn Sync="TRUE">NAD_1983_StatePlane_Iowa_South_FIPS_1402</projcsn></cordsysn><planar><planci><plance Sync="TRUE">coordinate pair</plance><plandu Sync="TRUE">survey feet</plandu><coordrep><absres Sync="TRUE">0.000001</absres><ordres Sync="TRUE">0.000001</ordres></coordrep></planci><mapproj><mapprojn Sync="TRUE">Lambert Conformal Conic</mapprojn><lambertc><stdparll Sync="TRUE">40.616667</stdparll><stdparll Sync="TRUE">41.783333</stdparll><longcm Sync="TRUE">-93.500000</longcm><latprjo Sync="TRUE">40.000000</latprjo><feast Sync="TRUE">1640416.666667</feast><fnorth Sync="TRUE">0.000000</fnorth></lambertc></mapproj></planar><geodetic><horizdn Sync="TRUE">North American Datum of 1983</horizdn><ellips Sync="TRUE">Geodetic Reference System 80</ellips><semiaxis Sync="TRUE">6378137.000000</semiaxis><denflat Sync="TRUE">298.257222</denflat></geodetic></horizsys></spref><refSysInfo><RefSystem><refSysID><identCode Sync="TRUE">NAD_1983_StatePlane_Iowa_South_FIPS_1402</identCode></refSysID></RefSystem></refSysInfo><spatRepInfo><VectSpatRep><topLvl><TopoLevCd Sync="TRUE" value="001"></TopoLevCd></topLvl><geometObjs Name="Commercial_Properties"><geoObjTyp><GeoObjTypCd Sync="TRUE" value="004"></GeoObjTypCd></geoObjTyp><geoObjCnt Sync="TRUE">160</geoObjCnt></geometObjs></VectSpatRep></spatRepInfo><eainfo><detailed Name="Commercial_Properties"><enttyp><enttypl Sync="TRUE">Commercial_Properties</enttypl><enttypt Sync="TRUE">Feature Class</enttypt><enttypc Sync="TRUE">160</enttypc></enttyp><attr><attrlabl Sync="TRUE">FID</attrlabl><attalias Sync="TRUE">FID</attalias><attrtype Sync="TRUE">OID</attrtype><attwidth Sync="TRUE">4</attwidth><atprecis Sync="TRUE">0</atprecis><attscale Sync="TRUE">0</attscale><attrdef Sync="TRUE">Internal feature number.</attrdef><attrdefs Sync="TRUE">ESRI</attrdefs><attrdomv><udom Sync="TRUE">Sequential unique whole numbers that are automatically generated.</udom></attrdomv></attr><attr><attrlabl Sync="TRUE">Shape</attrlabl><attalias Sync="TRUE">Shape</attalias><attrtype Sync="TRUE">Geometry</attrtype><attwidth Sync="TRUE">0</attwidth><atprecis Sync="TRUE">0</atprecis><attscale Sync="TRUE">0</attscale><attrdef Sync="TRUE">Feature geometry.</attrdef><attrdefs Sync="TRUE">ESRI</attrdefs><attrdomv><udom Sync="TRUE">Coordinates defining the features.</udom></attrdomv></attr><attr><attrlabl Sync="TRUE">Id</attrlabl><attalias Sync="TRUE">Id</attalias><attrtype Sync="TRUE">Number</attrtype><attwidth Sync="TRUE">6</attwidth></attr><attr><attrlabl Sync="TRUE">Business</attrlabl><attalias Sync="TRUE">Business</attalias><attrtype Sync="TRUE">String</attrtype><attwidth Sync="TRUE">50</attwidth></attr><attr><attrlabl Sync="TRUE">Type</attrlabl><attalias Sync="TRUE">Type</attalias><attrtype Sync="TRUE">String</attrtype><attwidth Sync="TRUE">2</attwidth></attr><attr><attrlabl Sync="TRUE">Address</attrlabl><attalias Sync="TRUE">Address</attalias><attrtype Sync="TRUE">String</attrtype><attwidth Sync="TRUE">30</attwidth></attr><attr><attrlabl Sync="TRUE">PIN</attrlabl><attalias Sync="TRUE">PIN</attalias><attrtype Sync="TRUE">String</attrtype><attwidth Sync="TRUE">10</attwidth></attr><attr><attrlabl Sync="TRUE">Type_</attrlabl><attalias Sync="TRUE">Type_</attalias><attrtype Sync="TRUE">String</attrtype><attwidth Sync="TRUE">2</attwidth></attr><attr><attrlabl Sync="TRUE">SHAPE_Leng</attrlabl><attalias Sync="TRUE">SHAPE_Leng</attalias><attrtype Sync="TRUE">Number</attrtype><attwidth Sync="TRUE">19</attwidth><atnumdec Sync="TRUE">11</atnumdec></attr><attr><attrlabl Sync="TRUE">SHAPE_Area</attrlabl><attalias Sync="TRUE">SHAPE_Area</attalias><attrtype Sync="TRUE">Number</attrtype><attwidth Sync="TRUE">19</attwidth><attrdef Sync="TRUE">Area of feature in internal units squared.</attrdef><attrdefs Sync="TRUE">ESRI</attrdefs><attrdomv><udom Sync="TRUE">Positive real numbers that are automatically generated.</udom></attrdomv><atnumdec Sync="TRUE">11</atnumdec></attr></detailed></eainfo><mdDateSt Sync="TRUE">20060831</mdDateSt><dataqual><lineage><procstep><procdesc Sync="TRUE">Dataset copied.</procdesc><srcused Sync="TRUE">C:\mt pleasant from joe\GIs data\Blocks</srcused><date Sync="TRUE">20060824</date><time Sync="TRUE">11312500</time></procstep><procstep><procdesc Sync="TRUE">Dataset copied.</procdesc><srcused Sync="TRUE">C:\GISTutorial_Digitizing\Data\BlocksCopy</srcused><date Sync="TRUE">20060824</date><time Sync="TRUE">11321300</time></procstep><procstep><procdesc Sync="TRUE">Dataset copied.</procdesc><srcused Sync="TRUE"></srcused><date Sync="TRUE">20060828</date><time Sync="TRUE">11523800</time></procstep></lineage></dataqual></metadata>
